{
  "prepare_queue": {
    "installed": [],
    "uninstalled": []
  },
  "config_munge": {
    "files": {
      "res/xml/config.xml": {
        "parents": {
          "/*": [
            {
              "xml": "<feature name=\"Device\"><param name=\"android-package\" value=\"org.apache.cordova.device.Device\" /></feature>",
              "count": 1
            },
            {
              "xml": "<feature name=\"Notification\"><param name=\"android-package\" value=\"org.apache.cordova.dialogs.Notification\" /></feature>",
              "count": 1
            },
            {
              "xml": "<feature name=\"File\"><param name=\"android-package\" value=\"org.apache.cordova.file.FileUtils\" /><param name=\"onload\" value=\"true\" /></feature>",
              "count": 1
            },
            {
              "xml": "<allow-navigation href=\"cdvfile:*\" />",
              "count": 1
            },
            {
              "xml": "<feature name=\"Globalization\"><param name=\"android-package\" value=\"org.apache.cordova.globalization.Globalization\" /></feature>",
              "count": 1
            },
            {
              "xml": "<feature name=\"SplashScreen\"><param name=\"android-package\" value=\"org.apache.cordova.splashscreen.SplashScreen\" /><param name=\"onload\" value=\"true\" /></feature>",
              "count": 1
            },
            {
              "xml": "<feature name=\"Geolocation\"><param name=\"android-package\" value=\"org.apache.cordova.geolocation.Geolocation\" /></feature>",
              "count": 1
            },
            {
              "xml": "<feature name=\"AppVersion\"><param name=\"android-package\" value=\"uk.co.whiteoctober.cordova.AppVersion\" /></feature>",
              "count": 1
            },
            {
              "xml": "<feature name=\"networkinterface\"><param name=\"android-package\" value=\"com.albahra.plugin.networkinterface.networkinterface\" /></feature>",
              "count": 1
            },
            {
              "xml": "<feature name=\"UserAgent\"><param name=\"android-package\" value=\"im.ltdev.cordova.UserAgent\" /><param name=\"onload\" value=\"true\" /></feature>",
              "count": 1
            }
          ]
        }
      },
      "AndroidManifest.xml": {
        "parents": {
          "/*": [
            {
              "xml": "<uses-permission android:name=\"android.permission.WRITE_EXTERNAL_STORAGE\" />",
              "count": 1
            },
            {
              "xml": "<uses-permission android:name=\"android.permission.ACCESS_COARSE_LOCATION\" />",
              "count": 1
            },
            {
              "xml": "<uses-permission android:name=\"android.permission.ACCESS_FINE_LOCATION\" />",
              "count": 1
            },
            {
              "xml": "<uses-feature android:name=\"android.hardware.location.gps\" android:required=\"true\" />",
              "count": 1
            },
            {
              "xml": "<uses-permission android:name=\"android.permission.ACCESS_WIFI_STATE\" />",
              "count": 1
            }
          ],
          "/manifest": [
            {
              "xml": "<uses-permission android:name=\"android.permission.ACCESS_WIFI_STATE\" />",
              "count": 1
            },
            {
              "xml": "<uses-permission android:name=\"android.permission.INTERNET\" />",
              "count": 1
            }
          ],
          "/manifest/application": [
            {
              "xml": "<activity android:name=\"com.worklight.wlclient.ui.UIActivity\" />",
              "count": 1
            }
          ]
        }
      },
      "config.xml": {
        "parents": {
          "/*": [
            {
              "xml": "<feature name=\"WLInitializationPlugin\"><param name=\"android-package\" value=\"com.worklight.androidgap.plugin.WLInitializationPlugin\" /><param name=\"onload\" value=\"true\" /></feature>",
              "count": 1
            },
            {
              "xml": "<feature name=\"LoggerPlugin\"><param name=\"android-package\" value=\"com.worklight.androidgap.plugin.LoggerPlugin\" /></feature>",
              "count": 1
            },
            {
              "xml": "<feature name=\"WLApp\"><param name=\"android-package\" value=\"com.worklight.androidgap.plugin.WLApp\" /></feature>",
              "count": 1
            },
            {
              "xml": "<feature name=\"NativePage\"><param name=\"android-package\" value=\"com.worklight.androidgap.plugin.NativePage\" /></feature>",
              "count": 1
            },
            {
              "xml": "<feature name=\"SecurityPlugin\"><param name=\"android-package\" value=\"com.worklight.androidgap.plugin.SecurityPlugin\" /></feature>",
              "count": 1
            },
            {
              "xml": "<feature name=\"NetworkDetector\"><param name=\"android-package\" value=\"com.worklight.androidgap.plugin.NetworkDetector\" /></feature>",
              "count": 1
            },
            {
              "xml": "<feature name=\"DeviceAuth\"><param name=\"android-package\" value=\"com.worklight.androidgap.plugin.DeviceAuthPlugin\" /></feature>",
              "count": 1
            },
            {
              "xml": "<feature name=\"WifiPlugin\"><param name=\"android-package\" value=\"com.worklight.androidgap.plugin.WifiPlugin\" /></feature>",
              "count": 1
            },
            {
              "xml": "<feature name=\"FIPSHttpPlugin\"><param name=\"android-package\" value=\"com.worklight.androidgap.plugin.FIPSHttpPlugin\" /></feature>",
              "count": 1
            },
            {
              "xml": "<feature name=\"WLCustomDialog\"><param name=\"android-package\" value=\"com.worklight.androidgap.plugin.WLCustomDialog\" /></feature>",
              "count": 1
            },
            {
              "xml": "<feature name=\"WLSplashScreen\"><param name=\"android-package\" value=\"com.worklight.androidgap.plugin.WLSplashScreenPlugin\" /></feature>",
              "count": 1
            },
            {
              "xml": "<feature name=\"WLAuthorizationManagerPlugin\"><param name=\"android-package\" value=\"com.worklight.androidgap.plugin.WLAuthorizationManagerPlugin\" /></feature>",
              "count": 1
            },
            {
              "xml": "<feature name=\"WLDirectUpdatePlugin\"><param name=\"android-package\" value=\"com.worklight.androidgap.plugin.WLDirectUpdatePlugin\" /></feature>",
              "count": 1
            },
            {
              "xml": "<feature name=\"WLNativeXHRPlugin\"><param name=\"android-package\" value=\"com.worklight.androidgap.plugin.WLNativeXHRPlugin\" /></feature>",
              "count": 1
            },
            {
              "xml": "<feature name=\"WLActionSenderPlugin\"><param name=\"android-package\" value=\"com.worklight.androidgap.plugin.WLActionSenderPlugin\" /></feature>",
              "count": 1
            },
            {
              "xml": "<feature name=\"WLCertificatePinningPlugin\"><param name=\"android-package\" value=\"com.worklight.androidgap.plugin.WLCertificatePinningPlugin\" /></feature>",
              "count": 1
            },
            {
              "xml": "<feature name=\"WLResourceRequestPlugin\"><param name=\"android-package\" value=\"com.worklight.androidgap.plugin.WLResourceRequestPlugin\" /></feature>",
              "count": 1
            },
            {
              "xml": "<feature name=\"ChallengeHandlerPlugin\"><param name=\"android-package\" value=\"com.worklight.androidgap.plugin.ChallengeHandlerPlugin\" /></feature>",
              "count": 1
            }
          ]
        }
      }
    }
  },
  "installed_plugins": {
    "cordova-plugin-device": {
      "PACKAGE_NAME": "com.ibm.mfpstartercordova"
    },
    "cordova-plugin-dialogs": {
      "PACKAGE_NAME": "com.ibm.mfpstartercordova"
    },
    "cordova-plugin-file": {
      "ANDROIDX_WEBKIT_VERSION": "1.4.0",
      "PACKAGE_NAME": "com.ibm.mfpstartercordova"
    },
    "cordova-plugin-globalization": {
      "PACKAGE_NAME": "com.ibm.mfpstartercordova"
    },
    "cordova-plugin-mfp": {
      "PACKAGE_NAME": "com.ibm.mfpstartercordova"
    },
    "cordova-plugin-splashscreen": {
      "PACKAGE_NAME": "com.ibm.mfpstartercordova"
    },
    "cordova-plugin-geolocation": {
      "GPS_REQUIRED": "true",
      "PACKAGE_NAME": "com.ibm.mfpstartercordova"
    },
    "cordova-plugin-app-version": {
      "PACKAGE_NAME": "com.ibm.mfpstartercordova"
    },
    "cordova-plugin-networkinterface": {
      "PACKAGE_NAME": "com.ibm.mfpstartercordova"
    },
    "im.ltdev.cordova.UserAgent": {
      "PACKAGE_NAME": "com.ibm.mfpstartercordova"
    }
  },
  "dependent_plugins": {},
  "modules": [
    {
      "id": "cordova-plugin-device.device",
      "file": "plugins/cordova-plugin-device/www/device.js",
      "pluginId": "cordova-plugin-device",
      "clobbers": [
        "device"
      ]
    },
    {
      "id": "cordova-plugin-dialogs.notification",
      "file": "plugins/cordova-plugin-dialogs/www/notification.js",
      "pluginId": "cordova-plugin-dialogs",
      "merges": [
        "navigator.notification"
      ]
    },
    {
      "id": "cordova-plugin-dialogs.notification_android",
      "file": "plugins/cordova-plugin-dialogs/www/android/notification.js",
      "pluginId": "cordova-plugin-dialogs",
      "merges": [
        "navigator.notification"
      ]
    },
    {
      "id": "cordova-plugin-file.DirectoryEntry",
      "file": "plugins/cordova-plugin-file/www/DirectoryEntry.js",
      "pluginId": "cordova-plugin-file",
      "clobbers": [
        "window.DirectoryEntry"
      ]
    },
    {
      "id": "cordova-plugin-file.DirectoryReader",
      "file": "plugins/cordova-plugin-file/www/DirectoryReader.js",
      "pluginId": "cordova-plugin-file",
      "clobbers": [
        "window.DirectoryReader"
      ]
    },
    {
      "id": "cordova-plugin-file.Entry",
      "file": "plugins/cordova-plugin-file/www/Entry.js",
      "pluginId": "cordova-plugin-file",
      "clobbers": [
        "window.Entry"
      ]
    },
    {
      "id": "cordova-plugin-file.File",
      "file": "plugins/cordova-plugin-file/www/File.js",
      "pluginId": "cordova-plugin-file",
      "clobbers": [
        "window.File"
      ]
    },
    {
      "id": "cordova-plugin-file.FileEntry",
      "file": "plugins/cordova-plugin-file/www/FileEntry.js",
      "pluginId": "cordova-plugin-file",
      "clobbers": [
        "window.FileEntry"
      ]
    },
    {
      "id": "cordova-plugin-file.FileError",
      "file": "plugins/cordova-plugin-file/www/FileError.js",
      "pluginId": "cordova-plugin-file",
      "clobbers": [
        "window.FileError"
      ]
    },
    {
      "id": "cordova-plugin-file.FileReader",
      "file": "plugins/cordova-plugin-file/www/FileReader.js",
      "pluginId": "cordova-plugin-file",
      "clobbers": [
        "window.FileReader"
      ]
    },
    {
      "id": "cordova-plugin-file.FileSystem",
      "file": "plugins/cordova-plugin-file/www/FileSystem.js",
      "pluginId": "cordova-plugin-file",
      "clobbers": [
        "window.FileSystem"
      ]
    },
    {
      "id": "cordova-plugin-file.FileUploadOptions",
      "file": "plugins/cordova-plugin-file/www/FileUploadOptions.js",
      "pluginId": "cordova-plugin-file",
      "clobbers": [
        "window.FileUploadOptions"
      ]
    },
    {
      "id": "cordova-plugin-file.FileUploadResult",
      "file": "plugins/cordova-plugin-file/www/FileUploadResult.js",
      "pluginId": "cordova-plugin-file",
      "clobbers": [
        "window.FileUploadResult"
      ]
    },
    {
      "id": "cordova-plugin-file.FileWriter",
      "file": "plugins/cordova-plugin-file/www/FileWriter.js",
      "pluginId": "cordova-plugin-file",
      "clobbers": [
        "window.FileWriter"
      ]
    },
    {
      "id": "cordova-plugin-file.Flags",
      "file": "plugins/cordova-plugin-file/www/Flags.js",
      "pluginId": "cordova-plugin-file",
      "clobbers": [
        "window.Flags"
      ]
    },
    {
      "id": "cordova-plugin-file.LocalFileSystem",
      "file": "plugins/cordova-plugin-file/www/LocalFileSystem.js",
      "pluginId": "cordova-plugin-file",
      "clobbers": [
        "window.LocalFileSystem"
      ],
      "merges": [
        "window"
      ]
    },
    {
      "id": "cordova-plugin-file.Metadata",
      "file": "plugins/cordova-plugin-file/www/Metadata.js",
      "pluginId": "cordova-plugin-file",
      "clobbers": [
        "window.Metadata"
      ]
    },
    {
      "id": "cordova-plugin-file.ProgressEvent",
      "file": "plugins/cordova-plugin-file/www/ProgressEvent.js",
      "pluginId": "cordova-plugin-file",
      "clobbers": [
        "window.ProgressEvent"
      ]
    },
    {
      "id": "cordova-plugin-file.fileSystems",
      "file": "plugins/cordova-plugin-file/www/fileSystems.js",
      "pluginId": "cordova-plugin-file"
    },
    {
      "id": "cordova-plugin-file.requestFileSystem",
      "file": "plugins/cordova-plugin-file/www/requestFileSystem.js",
      "pluginId": "cordova-plugin-file",
      "clobbers": [
        "window.requestFileSystem"
      ]
    },
    {
      "id": "cordova-plugin-file.resolveLocalFileSystemURI",
      "file": "plugins/cordova-plugin-file/www/resolveLocalFileSystemURI.js",
      "pluginId": "cordova-plugin-file",
      "merges": [
        "window"
      ]
    },
    {
      "id": "cordova-plugin-file.isChrome",
      "file": "plugins/cordova-plugin-file/www/browser/isChrome.js",
      "pluginId": "cordova-plugin-file",
      "runs": true
    },
    {
      "id": "cordova-plugin-file.androidEntry",
      "file": "plugins/cordova-plugin-file/www/android/Entry.js",
      "pluginId": "cordova-plugin-file",
      "merges": [
        "Entry"
      ]
    },
    {
      "id": "cordova-plugin-file.androidFileSystem",
      "file": "plugins/cordova-plugin-file/www/android/FileSystem.js",
      "pluginId": "cordova-plugin-file",
      "merges": [
        "FileSystem"
      ]
    },
    {
      "id": "cordova-plugin-file.fileSystems-roots",
      "file": "plugins/cordova-plugin-file/www/fileSystems-roots.js",
      "pluginId": "cordova-plugin-file",
      "runs": true
    },
    {
      "id": "cordova-plugin-file.fileSystemPaths",
      "file": "plugins/cordova-plugin-file/www/fileSystemPaths.js",
      "pluginId": "cordova-plugin-file",
      "merges": [
        "cordova"
      ],
      "runs": true
    },
    {
      "id": "cordova-plugin-globalization.GlobalizationError",
      "file": "plugins/cordova-plugin-globalization/www/GlobalizationError.js",
      "pluginId": "cordova-plugin-globalization",
      "clobbers": [
        "window.GlobalizationError"
      ]
    },
    {
      "id": "cordova-plugin-globalization.globalization",
      "file": "plugins/cordova-plugin-globalization/www/globalization.js",
      "pluginId": "cordova-plugin-globalization",
      "clobbers": [
        "navigator.globalization"
      ]
    },
    {
      "id": "cordova-plugin-mfp.mfp",
      "file": "plugins/cordova-plugin-mfp/bootstrap.js",
      "pluginId": "cordova-plugin-mfp",
      "runs": true
    },
    {
      "id": "cordova-plugin-splashscreen.SplashScreen",
      "file": "plugins/cordova-plugin-splashscreen/www/splashscreen.js",
      "pluginId": "cordova-plugin-splashscreen",
      "clobbers": [
        "navigator.splashscreen"
      ]
    },
    {
      "id": "cordova-plugin-geolocation.geolocation",
      "file": "plugins/cordova-plugin-geolocation/www/android/geolocation.js",
      "pluginId": "cordova-plugin-geolocation",
      "clobbers": [
        "navigator.geolocation"
      ]
    },
    {
      "id": "cordova-plugin-geolocation.PositionError",
      "file": "plugins/cordova-plugin-geolocation/www/PositionError.js",
      "pluginId": "cordova-plugin-geolocation",
      "runs": true
    },
    {
      "id": "cordova-plugin-app-version.AppVersionPlugin",
      "file": "plugins/cordova-plugin-app-version/www/AppVersionPlugin.js",
      "pluginId": "cordova-plugin-app-version",
      "clobbers": [
        "cordova.getAppVersion"
      ]
    },
    {
      "id": "cordova-plugin-networkinterface.networkinterface",
      "file": "plugins/cordova-plugin-networkinterface/www/networkinterface.js",
      "pluginId": "cordova-plugin-networkinterface",
      "clobbers": [
        "window.networkinterface"
      ]
    },
    {
      "id": "im.ltdev.cordova.UserAgent.UserAgent",
      "file": "plugins/im.ltdev.cordova.UserAgent/www/UserAgent.js",
      "pluginId": "im.ltdev.cordova.UserAgent",
      "clobbers": [
        "UserAgent"
      ]
    }
  ],
  "plugin_metadata": {
    "cordova-plugin-device": "2.1.0",
    "cordova-plugin-dialogs": "2.0.2",
    "cordova-plugin-file": "7.0.0",
    "cordova-plugin-globalization": "1.11.0",
    "cordova-plugin-mfp": "8.0.2022061409",
    "cordova-plugin-splashscreen": "3.2.2",
    "cordova-plugin-geolocation": "4.1.0",
    "cordova-plugin-app-version": "0.1.14",
    "cordova-plugin-networkinterface": "2.0.0",
    "im.ltdev.cordova.UserAgent": "0.1.0"
  }
}
